体系,区域,温度范围,相态,数据点数,R²,Cv_团簇_meV/K,Cv_标准误_meV/K,Cv_每原子_meV/K/atom,RMSE_eV,p_value
"Cv-1, Cv-2, Cv-3, Cv-4, Cv-5",低温区,200-400K,固态,5,0.9510143335827601,2.593503209762275,0.3398342458089327,0.14408351165345973,0.05373251218408788,0.004670879599527941
"Cv-1, Cv-2, Cv-3, Cv-4, Cv-5",中温区,500-700K,未知,5,0.7880136016662431,3.308422561705811,0.9907121466065406,0.1838012534281006,0.15664534444356615,0.04440600720371783
"Cv-1, Cv-2, Cv-3, Cv-4, Cv-5",高温区,800-1000K,未知,5,0.9895724586527578,5.159917613724247,0.30580832257679214,0.28666208965134704,0.04835254133890805,0.0004533418665352962
