structure,n_partitions,phase,Cv_cluster,Cv_cluster_err,R2,R2_total,grade,grade_score
Pt8sn6,3,partition1,3.722828414567151,0.1050729419340293,0.9706188978064718,0.999761522718514,★★★ Excellent,4
Pt8sn6,3,partition2,3.8324134582259894,0.2684956299159475,0.9065575135802272,0.9991444595480244,★★ Good,3
Pt8sn6,3,partition3,5.150035246889695,0.3522159224510179,0.9183839704982092,0.9987481700269808,★★ Good,3
